<?xml version="1.0" encoding="UTF-8"?>
<entity-mappings version="1.0"
	xmlns="http://java.sun.com/xml/ns/persistence/orm" xmlns:xsi="http://www.w3.org/2001/XMLSchema-instance"
	xsi:schemaLocation="http://java.sun.com/xml/ns/persistence/orm orm_1_0.xsd">

	<named-query name="IntegrationMessage.getStatistics">
		<query>
			select distinct integrationData
			FROM
			IntegrationData integrationData
		</query>
	</named-query>
	
	<named-query name="IntegrationMessage.getIntegrationMessagesAsc">
		<query>
			SELECT	message
			FROM	IntegrationMessageDetail message
			WHERE upper(messageId) like :filter OR
				  upper(sysName)   like :filter OR
				  upper(integrationType) like :filter OR
				  upper(status) like :filter OR
				  insdate like :filter 
			ORDER BY CASE :field
          		WHEN 'messageId' THEN upper(messageId)
          		WHEN 'sysName' THEN upper(sysName)
          		WHEN 'integrationType' THEN upper(integrationType)
          		WHEN 'status' THEN upper(status)
          		WHEN 'insdate' THEN TO_CHAR(insdate,'yyyy-mm-dd hh24:mi:ss')
		    END ASC	  				  
		</query>
	</named-query>

	<named-query name="IntegrationMessage.getIntegrationMessagesDesc">
		<query>
			SELECT	message
			FROM	IntegrationMessageDetail message
			WHERE upper(messageId) like :filter OR
				  upper(sysName)   like :filter OR
				  upper(integrationType) like :filter OR
				  upper(status) like :filter OR
				  insdate like :filter 				  
			ORDER BY CASE :field
          		WHEN 'messageId' THEN upper(messageId)
          		WHEN 'sysName' THEN upper(sysName)
          		WHEN 'integrationType' THEN upper(integrationType)
          		WHEN 'status' THEN upper(status)
          		WHEN 'insdate' THEN TO_CHAR(insdate,'yyyy-mm-dd hh24:mi:ss')
          	END DESC	
		</query>
	</named-query>

	<named-query name="IntegrationMessage.getIntegrationMessagesCount">
		<query>
			SELECT	count(messageId)
			FROM	IntegrationMessageDetail message
			WHERE upper(messageId) like :filter OR
				  upper(sysName)   like :filter OR
				  upper(integrationType) like :filter OR
				  upper(status) like :filter
		</query>
	</named-query>
	
	
	<named-query name="IntegrationMessage.getIntegrationMessageDetail">
		<query>
			select message
			FROM
			MessageDetail message
			WHERE
			message.messageId = :messageId
		</query>
	</named-query>
	
</entity-mappings>