<?xml version="1.0" encoding="UTF-8"?>
<entity-mappings version="1.0"
	xmlns="http://java.sun.com/xml/ns/persistence/orm" xmlns:xsi="http://www.w3.org/2001/XMLSchema-instance"
	xsi:schemaLocation="http://java.sun.com/xml/ns/persistence/orm orm_1_0.xsd">

	<named-query name="GatewayIntegration.getTransformationDetails">
		<query>
			select distinct transformationDetails
			FROM
				TransformationDetail transformationDetails
			where
				transformationDetails.integrationId = :integrationId
			AND transformationDetails.transformationDirection = :transformationDirection	
		</query>
	</named-query>
	
	<named-query name="GatewayIntegration.getTransformationMapping">
		<query>
			select distinct mapping
			FROM
				Mapping mapping
			where
				mapping.fromValue = :fromValue AND
				mapping.fromCodetypeId = :fromCodetypeId AND
				mapping.toCodetypeId = :toCodetypeId
		</query>
	</named-query>
</entity-mappings>