<server description="new server">

   

    <!-- Enable features -->
   <featureManager>
	    <feature>localConnector-1.0</feature>
    	<feature>jpa-2.1</feature>
		<feature>jaxrs-2.0</feature>
		<feature>jndi-1.0</feature>
		<feature>jdbc-4.1</feature>
	    <feature>jsf-2.2</feature>
        <feature>cdi-1.2</feature>
		<feature>ejbLite-3.2</feature>
	</featureManager>




    
    
     <library id="oracle-lib">    
    <fileset dir="${server.config.dir}/resources/lib" includes="ojdbc6.jar"/>
    </library> 
    
    <dataSource id="oracle-ds" jndiName="jdbc/IBA" transactional="false" type="javax.sql.DataSource">    
    <jdbcDriver id="oracle-driver" libraryRef="oracle-lib"/>   
     <connectionManager id="ConnectionManager" minPoolSize="1" numConnectionsPerThreadLocal="10"/>    
     <properties.oracle password="${cloud.services.sr_ora.IPADB.connection.password}" url="jdbc:oracle:thin:@ldap://oranamesldap1.swissre.com:3389/${cloud.services.sr_ora.IPADB.connection.ldap_alias},cn=OracleContext,dc=swissre,dc=com" user="${cloud.services.sr_ora.IPADB.connection.user}"/>
    </dataSource> 
    
	
   
    <enterpriseApplication id="sr-ipa-ear" location="sr-ipa-ear-0.0.1.ear" name="sr-ipa-ear">
    
    <application-bnd>

	<security-role name="AuthenticatedUser">
		<special-subject type="ALL_AUTHENTICATED_USERS" />
	</security-role>
	
	</application-bnd>
    
    </enterpriseApplication>
    
</server>