<?xml version="1.0" encoding="UTF-8"?>
<application-bnd
	xmlns="http://websphere.ibm.com/xml/ns/javaee"
	xmlns:xsi="http://www.w3.org/2001/XMLSchema-instance"
	xsi:schemaLocation="http://websphere.ibm.com/xml/ns/javaee http://websphere.ibm.com/xml/ns/javaee/ibm-application-bnd_1_1.xsd"
	version="1.1">

	<security-role name="AuthenticatedUser">
		<special-subject type="ALL_AUTHENTICATED_USERS" />
	</security-role>
	
	<security-role name="AppUser">
		<group name="I12_InternationalProgramManagerIPM" />
		<group name="I12_InternationalProgramUW" />
		<group name="I12_InternationalProgramUA" />
		<group name="I12_InternationalProgramManager" />
		<group name="I12_InternationalProgramManager" />
	</security-role>
	
	<security-role name="AppUpdateUser">
		<group name="I12_InternationalProgramUW" />
		<group name="I12_InternationalProgramUA" />
		<group name="I12_InternationalProgramManager" />
	</security-role>

</application-bnd>

