<?xml version="1.0" encoding="UTF-8"?>
<entity-mappings xmlns="http://xmlns.jcp.org/xml/ns/persistence/orm"
    xmlns:xsi="http://www.w3.org/2001/XMLSchema-instance"
    xsi:schemaLocation="http://xmlns.jcp.org/xml/ns/persistence/orm http://xmlns.jcp.org/xml/ns/persistence/orm_2_1.xsd"
    version="2.1">

	<named-query name="ApplicationRole.findAll">
		<query>
			SELECT 
				a
			FROM 
				ApplicationRole a
			ORDER BY
				a.name
		</query>
	</named-query>

	<named-query name="ApplicationRole.findAllITSupportRole">
		<query>
			SELECT 
				a
			FROM 
				ApplicationRole a
			WHERE
				a.itSupportRole = true
			ORDER BY
				a.name
		</query>
	</named-query>
	
	<named-query name="ApplicationRole.findRequiredRoles">
		<query>
			SELECT
				r
			FROM 
				Authorization a
			JOIN
				a.applicationRole r
			WHERE
				a.capability.name = :capability
				AND a.sourceSystem.id = :sourceSystem
				AND a.docPackageType.id = :packageType
		</query>
	</named-query>

</entity-mappings>