<?xml version="1.0" encoding="UTF-8"?>
<entity-mappings xmlns="http://xmlns.jcp.org/xml/ns/persistence/orm"
    xmlns:xsi="http://www.w3.org/2001/XMLSchema-instance"
    xsi:schemaLocation="http://xmlns.jcp.org/xml/ns/persistence/orm http://xmlns.jcp.org/xml/ns/persistence/orm_2_1.xsd"
    version="2.1">
        	
	<named-query name="ApplicationResource.findByName">
		<query>
			SELECT
				ar
			FROM 
				ApplicationResource ar
			WHERE
				ar.name = :name
		</query>
	</named-query>
	
		<named-query name="ApplicationResource.findContentByName">
		<query>
		SELECT ar.file
			FROM 
				ApplicationResource ar
			WHERE
				ar.name = :name and
				ar.applicationResourceType.resourceTypeId=:type
		</query>
	</named-query>

</entity-mappings>