<?xml version="1.0" encoding="UTF-8"?>
<entity-mappings xmlns="http://xmlns.jcp.org/xml/ns/persistence/orm"
    xmlns:xsi="http://www.w3.org/2001/XMLSchema-instance"
    xsi:schemaLocation="http://xmlns.jcp.org/xml/ns/persistence/orm http://xmlns.jcp.org/xml/ns/persistence/orm_2_1.xsd"
    version="2.1">

	<named-query name="DocComponentType.findAll">
		<query>
			SELECT
				dct
			FROM
				DocComponentType dct
			ORDER BY
				dct.id
		</query>
	</named-query>
	
	<named-query name="DocComponentType.findByDescription">
		<query>
			SELECT 
				dct
			FROM 
				DocComponentType dct
			WHERE
				dct.description = :desc
		</query>
	</named-query>

</entity-mappings>