<?xml version="1.0" encoding="UTF-8"?>
<entity-mappings xmlns="http://xmlns.jcp.org/xml/ns/persistence/orm"
    xmlns:xsi="http://www.w3.org/2001/XMLSchema-instance"
    xsi:schemaLocation="http://xmlns.jcp.org/xml/ns/persistence/orm http://xmlns.jcp.org/xml/ns/persistence/orm_2_1.xsd"
    version="2.1">

	<named-query name="DocComponentStatus.findAll">
		<query>
			SELECT
				dcs
			FROM
				DocComponentStatus dcs
			ORDER BY
				dcs.id
		</query>
	</named-query>
	
	<named-query name="DocComponentStatus.findByDescription">
		<query>
			SELECT 
				dcs
			FROM 
				DocComponentStatus dcs
			WHERE
				dcs.description = :desc
		</query>
	</named-query>

</entity-mappings>