<?xml version="1.0" encoding="UTF-8"?>
<entity-mappings xmlns="http://xmlns.jcp.org/xml/ns/persistence/orm"
    xmlns:xsi="http://www.w3.org/2001/XMLSchema-instance"
    xsi:schemaLocation="http://xmlns.jcp.org/xml/ns/persistence/orm http://xmlns.jcp.org/xml/ns/persistence/orm_2_1.xsd"
    version="2.1">
	
	<named-query name="DocPackageLang.findDocPackageByLang">
		<query>
			SELECT 
				dp
			FROM
				DocPackageLang dp
			WHERE
				dp.docPackage.id = :docPkgId and
				dp.language.id=:languageId
		</query>
	</named-query>
	
	<named-query name="DocPackageLang.findNextLangSeqNum">
		<query>
			SELECT COALESCE(MAX
				(dp.seqNo),0)+1
			FROM
	             DocPackageLang dp
			WHERE
				dp.docPackage.id = :docPkgId 
		</query>
	</named-query>
	
	<named-query name="DocPackageLang.findNextSequenceNumber">
		<query>
			SELECT COALESCE(MAX
				(dc.sequence),0)+1
			FROM
	             DocComponent dc
			WHERE
				dc.docPackageLang.docPackage.id = :docPkgId and 
				dc.docPackageLang.language.id = :languageId
		</query>
	</named-query>
	
	<named-query name="DocPackageLang.findDocPackageAndComponents">
		<query>
			SELECT DISTINCT
				dpl
			FROM
				DocPackageLang dpl
			JOIN FETCH
				dpl.docPackage docpkg
			JOIN FETCH
				docpkg.docPackageType
			JOIN FETCH
				dpl.docPackageStatus
			LEFT JOIN FETCH
				docpkg.businessAttributes
			LEFT JOIN FETCH
				dpl.docComponents doccomponents
			LEFT JOIN FETCH
				doccomponents.formDefinitionLang formdeflang
			LEFT JOIN FETCH
				formdeflang.formDefinition
			WHERE
				dpl.docPackage.id = :docPkgId and 
				dpl.language.id = :languageId
		</query>
	</named-query>
	
</entity-mappings>