<?xml version="1.0" encoding="UTF-8"?>
<entity-mappings xmlns="http://xmlns.jcp.org/xml/ns/persistence/orm"
    xmlns:xsi="http://www.w3.org/2001/XMLSchema-instance"
    xsi:schemaLocation="http://xmlns.jcp.org/xml/ns/persistence/orm http://xmlns.jcp.org/xml/ns/persistence/orm_2_1.xsd"
    version="2.1">
    
	<named-query name="DocPackageStatus.findAll">
		<query>
			SELECT
				dps
			FROM
				DocPackageStatus dps
			ORDER BY				
				dps.displayOrder 
		</query>
	</named-query>
	
	<named-query name="DocPackageStatus.findByDescription">
		<query>
			SELECT 
				dps
			FROM 
				DocPackageStatus dps
			WHERE
				dps.description = :desc
		</query>
	</named-query>

</entity-mappings>