<?xml version="1.0" encoding="UTF-8"?>
<entity-mappings xmlns="http://xmlns.jcp.org/xml/ns/persistence/orm"
    xmlns:xsi="http://www.w3.org/2001/XMLSchema-instance"
    xsi:schemaLocation="http://xmlns.jcp.org/xml/ns/persistence/orm http://xmlns.jcp.org/xml/ns/persistence/orm_2_1.xsd"
    version="2.1">

	<named-query name="DocPackageType.findAll">
		<query>
			SELECT
				dpt
			FROM
				DocPackageType dpt
			ORDER BY
				dpt.description
		</query>
	</named-query>
	
	<named-query name="DocPackageType.findByCode">
		<query>
			SELECT 
				dpt
			FROM 
				DocPackageType dpt
			WHERE
				dpt.code = :code
		</query>
	</named-query>
	
	
	<named-query name="DocPackageType.findIdByCode">
		<query>
		SELECT dpt.id
			FROM 
				DocPackageType dpt
			WHERE
				dpt.code = :code
		</query>
	</named-query>

</entity-mappings>