<?xml version="1.0" encoding="UTF-8"?>
<entity-mappings xmlns="http://xmlns.jcp.org/xml/ns/persistence/orm"
    xmlns:xsi="http://www.w3.org/2001/XMLSchema-instance"
    xsi:schemaLocation="http://xmlns.jcp.org/xml/ns/persistence/orm http://xmlns.jcp.org/xml/ns/persistence/orm_2_1.xsd"
    version="2.1">

	<named-query name="DocSubPackageType.findAll">
		<query>
			SELECT
				dst
			FROM
				DocSubPackageType dst
			ORDER BY
				dst.docSubPkgTypDesc
		</query>
	</named-query>
		
	<named-query name="DocSubPackageType.findByCode">
		<query>
			SELECT 
				dst
			FROM 
				DocSubPackageType dst
			WHERE
				dst.docSubPkgTypCode = :docSubPkgTypCode
		</query>
	</named-query>
	
	
	<named-query name="DocSubPackageType.findIdByCode">
		<query>
		SELECT dst.docSubPkgTypId
			FROM 
				DocSubPackageType dst
			WHERE
				dst.docSubPkgTypCode = :docSubPkgTypCode
		</query>
	</named-query>
	
	<named-query name="DocSubPackageType.findDistinctIdByCode">
		<query>
		SELECT distinct dst.docSubPkgTypId
			FROM 
				DocSubPackageType dst
			ORDER BY
				dst.docSubPkgTypDesc
		</query>
	</named-query>
	
	<named-query name = "DocSubPackageType.findSubPkgTyp">
		<query>
			SELECT dst
			FROM DocSubPackageType dst
			WHERE dst.docPackageType.id = :pkgType
		</query>
	</named-query>
	

</entity-mappings>