<?xml version="1.0" encoding="UTF-8"?>
<entity-mappings xmlns="http://xmlns.jcp.org/xml/ns/persistence/orm"
    xmlns:xsi="http://www.w3.org/2001/XMLSchema-instance"
    xsi:schemaLocation="http://xmlns.jcp.org/xml/ns/persistence/orm http://xmlns.jcp.org/xml/ns/persistence/orm_2_1.xsd"
    version="2.1">

	<named-query name="FormSelectionCriteriaValue.findByCriteriaType">
		<query>
			SELECT
				c
			FROM 
				FormSelectionCriteriaValue c
			WHERE
				c.criteriaType = :criteriaType
			AND	c.sourceSystem.id = :sourceSystem
		</query>
	</named-query>
	
	<named-query name="FormSelectionCriteriaValue.findByCriteriaTypeAndDesc">
		<query>
			SELECT
				c
			FROM 
				FormSelectionCriteriaValue c
			WHERE
				c.criteriaType = :criteriaType
			AND c.criteriaDesc = :criteriaDesc
			AND	c.sourceSystem.id = :sourceSystem	
		</query>
	</named-query>

</entity-mappings>