<?xml version="1.0" encoding="UTF-8"?>
<entity-mappings xmlns="http://xmlns.jcp.org/xml/ns/persistence/orm"
	xmlns:xsi="http://www.w3.org/2001/XMLSchema-instance"
	xsi:schemaLocation="http://xmlns.jcp.org/xml/ns/persistence/orm http://xmlns.jcp.org/xml/ns/persistence/orm_2_1.xsd"
	version="2.1">

	<named-stored-procedure-query
			name="FormDefinitionLang.getList"
			procedure-name="${database.schema}.PKG_RULE_MAPPING.proc_form_selection_rule">
		
		<parameter mode="REF_CURSOR" name="p_form_template" class="void"/>
		<parameter mode="IN" name="p_source_system_id" class="String"/>
		<parameter mode="IN" name="p_doc_pkg_typ_code" class="String"/>
		<parameter mode="IN" name="p_language" class="String"/>
		<parameter mode="IN" name="p_country_code" class="String"/>
		<parameter mode="IN" name="p_state_code" class="String"/>
		<parameter mode="IN" name="p_lob" class="String"/>
		<parameter mode="IN" name="p_sub_lob" class="String"/>
		<parameter mode="IN" name="p_reinsurance_flag" class="String"/>
		<parameter mode="IN" name="p_fast_track" class="String"/>
		<parameter mode="IN" name="p_facilities" class="String"/>
		<parameter mode="IN" name="p_lcr" class="String"/>
		<parameter mode="IN" name="p_business_type" class="String"/>
		<parameter mode="IN" name="p_reins_main_ind_seg" class="String"/>
		<parameter mode="IN" name="p_approved" class="String"/>
		<parameter mode="IN" name="p_include_by_default" class="String"/>
		<parameter mode="IN" name="p_doc_sub_pkg_typ_code" class="String"/>
		<parameter mode="IN" name="p_carrier_mdm_id" class="String"/>
		<parameter mode="IN" name="p_coverage_type" class="String"/>
		
		<result-class>com.swissre.dgf.data.model.FormDefinitionLang</result-class>
		<result-set-mapping>FormDefinitionLangWithMandatoryFlag</result-set-mapping>
	</named-stored-procedure-query>

	<sql-result-set-mapping name="FormDefinitionLangWithMandatoryFlag">
		<entity-result entity-class="com.swissre.dgf.data.model.FormDefinitionLang">
			<!--
			<field-result name="id" column="FORM_DEF_LANG_ID"/>
			<field-result name="formDefinition" column="FORM_DEF_ID"/>
			<field-result name="formDataUpdateMandatory" column="FORM_DATA_UPDT_MANDATORY"/>
			<field-result name="templateName" column="TEMPLATE_NAME"/>
			<field-result name="language" column="LANGUAGE_ID"/>
			<field-result name="formDefXml" column="FORM_DEF_XML"/>
			<field-result name="approved" column="APPROVED"/>
			<field-result name="effectiveDate" column="EFFECTIVE_DATE"/>
			<field-result name="terminationDate" column="TERMINATION_DATE"/>
			<field-result name="docFormat" column="DOC_FORMAT_ID"/>
			<field-result name="sourceDataXmlType" column="XML_TYPE_ID"/>
			<field-result name="bookmarkCount" column="BOOKMARK_COUNT"/>
			<field-result name="bookmarkPrefix" column="BOOKMARK_PREFIX"/>
			<field-result name="templateGenerateSampleXml" column="SAMPLE_XML_ID"/>
			-->
		</entity-result>
		<column-result name="MANDATORY" class="java.lang.Integer"/>
	</sql-result-set-mapping>

</entity-mappings>