<?xml version="1.0" encoding="UTF-8"?>
<entity-mappings xmlns="http://xmlns.jcp.org/xml/ns/persistence/orm"
    xmlns:xsi="http://www.w3.org/2001/XMLSchema-instance"
    xsi:schemaLocation="http://xmlns.jcp.org/xml/ns/persistence/orm http://xmlns.jcp.org/xml/ns/persistence/orm_2_1.xsd"
    version="2.1">
	
	<named-query name="Geography.findGeographyByCountry">
		<query>
			SELECT gm.geography
			 FROM GeographyMapping gm
			WHERE gm.country.countryId = :countryCode
			 and gm.geography.geographyId in ('EMEA','APAC','LATAM', 'NA')
		</query>
	</named-query>
	
	<named-query name="Geography.findAll">
		<query>
			SELECT g
			FROM Geography g
			ORDER BY
				g.geographyId
		</query>
	</named-query>
</entity-mappings>


			