<?xml version="1.0" encoding="UTF-8"?>
<entity-mappings xmlns="http://xmlns.jcp.org/xml/ns/persistence/orm"
    xmlns:xsi="http://www.w3.org/2001/XMLSchema-instance"
    xsi:schemaLocation="http://xmlns.jcp.org/xml/ns/persistence/orm http://xmlns.jcp.org/xml/ns/persistence/orm_2_1.xsd"
    version="2.1">

	<named-query name="Language.findAll">
		<query>
			SELECT
				lang
			FROM
				Language lang
			ORDER BY
				lang.id
		</query>
	</named-query>
	
	<named-stored-procedure-query
			name="Language.getApplicableLangs"
			procedure-name="${database.schema}.PKG_RULE_MAPPING.proc_fetch_applicable_lang">
		
		<parameter mode="REF_CURSOR" name="p_langs" class="void"/>
		<parameter mode="IN" name="p_source_system_id" class="String"/>
		<parameter mode="IN" name="p_doc_pkg_typ_code" class="String"/>
		<parameter mode="IN" name="p_country_code" class="String"/>
		<parameter mode="IN" name="p_state_code" class="String"/>
		<parameter mode="IN" name="p_lob" class="String"/>
		<parameter mode="IN" name="p_sub_lob" class="String"/>
		<parameter mode="IN" name="p_reinsurance_flag" class="String"/>
		<parameter mode="IN" name="p_fast_track" class="String"/>
		<parameter mode="IN" name="p_facilities" class="String"/>
		<parameter mode="IN" name="p_lcr" class="String"/>
		<parameter mode="IN" name="p_business_type" class="String"/>
		<parameter mode="IN" name="p_reins_main_ind_seg" class="String"/>
		<parameter mode="IN" name="p_approved" class="String"/>
		<parameter mode="IN" name="p_include_by_default" class="String"/>
		<parameter mode="IN" name="p_doc_sub_pkg_typ_code" class="String"/>
		<parameter mode="IN" name="p_carrier_mdm_id" class="String"/>
		<parameter mode="IN" name="p_coverage_type" class="String"/>
		
		<result-class>com.swissre.dgf.data.model.Language</result-class>
	</named-stored-procedure-query>

	<sql-result-set-mapping name="ApplicableLangsMapping">
		<entity-result entity-class="com.swissre.dgf.data.model.Language"/>
	</sql-result-set-mapping>
	
</entity-mappings>