<?xml version="1.0" encoding="UTF-8"?>
<entity-mappings xmlns="http://xmlns.jcp.org/xml/ns/persistence/orm"
    xmlns:xsi="http://www.w3.org/2001/XMLSchema-instance"
    xsi:schemaLocation="http://xmlns.jcp.org/xml/ns/persistence/orm http://xmlns.jcp.org/xml/ns/persistence/orm_2_1.xsd"
    version="2.1">

	<named-query name="TemplateGenerateDynamicDataConfig.selectByType">
		<query>
			SELECT
				c
			FROM 
				TemplateGenerateDynamicDataConfig c
			WHERE
				c.dynamicDataType = :dynamicDataType
		</query>
	</named-query>
	
	<named-query name="TemplateGenerateDynamicDataConfig.selectBySampleXmlId">
		<query>
			SELECT
				c
			FROM 
				TemplateGenerateDynamicDataConfig c
			WHERE
				c.templateGenerateSampleXml.sampleXmlId = :sampleXmlId
		</query>
	</named-query>
	
</entity-mappings>