<?xml version="1.0" encoding="UTF-8"?>
<entity-mappings xmlns="http://xmlns.jcp.org/xml/ns/persistence/orm"
    xmlns:xsi="http://www.w3.org/2001/XMLSchema-instance"
    xsi:schemaLocation="http://xmlns.jcp.org/xml/ns/persistence/orm http://xmlns.jcp.org/xml/ns/persistence/orm_2_1.xsd"
    version="2.1">
	
	<named-query name="Translation.findLOBsByCodeType">
		<query>
			SELECT tr
			FROM Translation tr
			WHERE tr.sourceSystemCodeType = :codeType and
				  tr.type = 'LOB' and
				  ((tr.sourceSystemCodeType &lt;&gt; 'SDL' and tr.language.id is null)
				    or (tr.sourceSystemCodeType='SDL' and tr.language.id = 'US_en'))
			ORDER BY tr.code
		</query>
	</named-query>
	
	<named-query name="Translation.findTranslation">
		<query>
			SELECT tr
			 FROM Translation tr
			WHERE tr.sourceSystemCodeType = :codeType and
				  tr.type = :trasnlationType and
				  tr.language.id = :languageId and
				  tr.code = :code		  
		</query>
	</named-query>
</entity-mappings>