<?xml version="1.0" encoding="UTF-8"?>
<entity-mappings xmlns="http://xmlns.jcp.org/xml/ns/persistence/orm"
    xmlns:xsi="http://www.w3.org/2001/XMLSchema-instance"
    xsi:schemaLocation="http://xmlns.jcp.org/xml/ns/persistence/orm http://xmlns.jcp.org/xml/ns/persistence/orm_2_1.xsd"
    version="2.1">
	
	<named-query name="ValidationControl.findValidationEnabledValue">
		<query>
		SELECT vc.validationEnabled
			FROM 
				ValidationControl vc
			WHERE
				vc.sourceSystem.id = :sourceSystemId and 
				vc.docPackageType.id = :docPackageTypeId
		</query>
	</named-query>
	<named-query name="ValidationControl.findRejectionLevelValue">
			<query>
		SELECT vc.rejectionLevel
			FROM 
				ValidationControl vc
			WHERE
				vc.sourceSystem.id = :sourceSystemId and 
				vc.docPackageType.id = :docPackageTypeId
		</query>
	</named-query>

</entity-mappings>