<!--
  ~ @(#)assembly.xml
  ~
  ~ Copyright Swiss Reinsurance Company, Mythenquai 50/60, CH 8022 Zurich. All rights reserved.
  -->
<assembly>
    <id>sr-configprod</id>
    <formats>
        <format>zip</format>
    </formats>
    <includeBaseDirectory>false</includeBaseDirectory>
    
    
    <fileSets>
    
       
         <fileSet>
            <directory>./</directory>
            <outputDirectory>sr-configprod</outputDirectory>
            <excludes>
            	<exclude>pom.xml</exclude>
            	<exclude>profiling.xml</exclude>
            	<exclude>manifest.yml</exclude>
            </excludes>
        </fileSet>
        

         <fileSet>
            <directory>./</directory>
            <outputDirectory>./</outputDirectory>
            <includes>
                <include>manifest.yml</include>
            </includes>
            <filtered>true</filtered>
        </fileSet>

       
        
      
      
        
    </fileSets>
    
   
    
</assembly>
