<!-- ~ @(#)assembly.xml ~ ~ Copyright Swiss Reinsurance Company, Mythenquai 
	50/60, CH 8022 Zurich. All rights reserved. -->
<assembly>
	<id>sr-gateway</id>
	<formats>
		<format>zip</format>
	</formats>
	<includeBaseDirectory>false</includeBaseDirectory>


	<fileSets>

		<!-- have to add lib later -->


		<fileSet>
			<directory>src/resources/lib</directory>
			<outputDirectory>sr-gateway/lib</outputDirectory>
		</fileSet>

		<fileSet>
			<directory>src/resources</directory>
			<outputDirectory>sr-gateway</outputDirectory>
			<includes>
				<include>server.xml</include>
			</includes>
			<filtered>true</filtered>
		</fileSet>

		<fileSet>
			<directory>src/resources</directory>
			<outputDirectory>sr-gateway</outputDirectory>
			<includes>
				<include>server.env</include>
			</includes>
			<filtered>true</filtered>
		</fileSet>

		<fileSet>
			<directory>src/resources</directory>
			<outputDirectory>sr-gateway</outputDirectory>
			<includes>
				<include>jvm.options</include>
			</includes>
			<filtered>true</filtered>
		</fileSet>

		<fileSet>
			<directory>src/resources</directory>
			<outputDirectory>sr-gateway</outputDirectory>
			<includes>
				<include>bootstrap.properties</include>
			</includes>
			<filtered>true</filtered>
		</fileSet>


		<!-- adding manifest.yml to root directory -->
		<fileSet>
			<directory>src/resources</directory>
			<outputDirectory>./</outputDirectory>
			<includes>
				<include>manifest.yml</include>
			</includes>
			<filtered>true</filtered>
		</fileSet>

		<fileSet>
			<directory>${basedir}/../sr-gateway-ear/target/</directory>
			<outputDirectory>sr-gateway/apps</outputDirectory>
			<includes>
				<include>*.ear</include>
			</includes>
		</fileSet>
	</fileSets>
</assembly>
