<server description="new server">

	<!-- Enable features -->
	<featureManager>
		<feature>javaee-7.0</feature>
		<feature>jaxrs-2.0</feature>
		<feature>localConnector-1.0</feature>
		<feature>json-1.0</feature>
		<feature>ejb-3.2</feature>
		<feature>appSecurity-2.0</feature>
		<feature>jpa-2.1</feature>
		<feature>jaxrs-2.0</feature>
		<feature>cdi-1.2</feature>
		<feature>jndi-1.0</feature>
		<feature>jdbc-4.1</feature>
		<feature>javaMail-1.5</feature>
	</featureManager>

	<library id="oracle-lib">
		<fileset dir="lib" includes="ojdbc14-10.2.0.3.0.jar" />
	</library>

	<dataSource id="oracle-ds" jndiName="jdbc/IBA"
		transactional="false" type="javax.sql.DataSource">
		<jdbcDriver id="oracle-driver" libraryRef="oracle-lib" />
		<connectionManager id="ConnectionManager"
			minPoolSize="1" numConnectionsPerThreadLocal="10" />
		<properties.oracle password="wi7X6xb4"
			url="jdbc:oracle:thin:@ldap://oranamesldap1.swissre.com:3389/TC1_IBA,cn=OracleContext,dc=swissre,dc=com"
			user="IBA" />
	</dataSource>
	
	<jndiEntry value="${cloud.services.sr_vault.techUserConnection.connection.user}" jndiName="com/swissre/ipa/techUser" ></jndiEntry>
    <jndiEntry value="${cloud.services.sr_vault.techUserConnection.connection.password}" jndiName="com/swissre/ipa/techUserPassword" ></jndiEntry>

	<mailSession jndiName="mail/Session" host="${cloud.services.sr_mail.myMail.connection.host}"
        from="mymailbox@swissre.com"
        description="MyMailSession"mailSessionID="MyMailSession"
        user="${cloud.services.sr_mail.myMail.connection.user}"
        password="${cloud.services.sr_mail.myMail.connection.password}"
        transportProtocol="smtp">
        <property name="mail.smtp.starttls.enable" value="true"></property>
        <property name="mail.smtp.ssl.trust" value="${cloud.services.sr_mail.myMail.connection.host}"></property>
        <property name="mail.smtp.auth" value="true"></property>
    </mailSession>

	<enterpriseApplication id="sr-iba-ear" location="sr-iba-ear-0.0.1.ear"
		name="sr-iba-ear">

		<application-bnd>

			<security-role name="AuthenticatedUser">
				<special-subject type="ALL_AUTHENTICATED_USERS" />
			</security-role>

		</application-bnd>

	</enterpriseApplication>

</server>